Data_Hora,IdTweet,Tweet,Tweet_limpo,Candidato,Sentimento_Final
2022-08-01 19:41:42+00:00,1554190656221970439,"@PedroRonchi2 PeraÃ­. ....e a dinheirama desviada da PetrobrÃ¡s? E o monte de gente envolvida no petrolÃ£o? E a chÃ¡cara em mairiporÃ£? E o apto no GuarujÃ¡? E o monte de dinheiro com vacari circulando na mochila?  Pt e lula nÃ£o sÃ£o inocentes, porÃ©m parece ser o Ãºnico tira bozo"," peraÃ­. ....e a dinheirama desviada da petrobrÃ¡s? e o monte de gente envolvida no petrolÃ£o? e a chÃ¡cara em mairiporÃ£? e o apto no guarujÃ¡? e o monte de dinheiro com vacari circulando na mochila?  pt e lula nÃ£o sÃ£o inocentes, porÃ©m parece ser o Ãºnico tira bozo",Lula,Negativo
2022-08-01 19:41:40+00:00,1554190648038891520,@LulaOficial @gioewbank @brunogagliasso Jumento vocÃª esqueceu de dizer que os insultos racistas foram feitos exactamente por uma brasileira a outros brasileiros em Portugal. Mas confessa la - vocÃª odeia pobre e preto sÃ³ nÃ£o pode dizer porque perde votos,   jumento vocÃª esqueceu de dizer que os insultos racistas foram feitos exactamente por uma brasileira a outros brasileiros em portugal. mas confessa la - vocÃª odeia pobre e preto sÃ³ nÃ£o pode dizer porque perde votos,Lula,Neutro
2022-08-01 19:41:39+00:00,1554190644767342595,"@ECantanhede Enquanto tiver eleitor do Lula e bobos q compram mandioca cozida com sal a 31 pilas, a malandragem nÃ£o acabarÃ¡."," enquanto tiver eleitor do lula e bobos q compram mandioca cozida com sal a 31 pilas, a malandragem nÃ£o acabarÃ¡.",Lula,Neutro
2022-08-01 19:41:36+00:00,1554190630938677251,@xpinvestimentos O futuro Ã© pra quem nÃ£o cair nas falÃ¡cias da XP. SÃ£o apoiadores do Lula., o futuro Ã© pra quem nÃ£o cair nas falÃ¡cias da xp. sÃ£o apoiadores do lula.,Lula,Positivo
2022-08-01 19:41:36+00:00,1554190630837952520,"@LulaOficial ExcelÃªncia:proponha um bolsa famÃ­lia de R$1000,00 a ser debatido pelo congresso;mesmo sendo insuficiente Ã© razoÃ¡vel sua aprovaÃ§Ã£o abraÃ§o!"," excelÃªncia:proponha um bolsa famÃ­lia de r$1000,00 a ser debatido pelo congresso;mesmo sendo insuficiente Ã© razoÃ¡vel sua aprovaÃ§Ã£o abraÃ§o!",Lula,Neutro
2022-08-01 19:41:35+00:00,1554190627822247938,@LulaOficial @ricardostuckert #LulaeoPTQuerDistruiroBrasil https://t.co/urfYWZJNpH,   ,Lula,Neutro
2022-08-01 19:41:33+00:00,1554190616648720384,VEJA O QUE ACONTECEU! LULA VIU ISSO E ENTROU EM DESESPERO! MULTIDÃƒO CONT... https://t.co/2r8QLK1hHr via @YouTube,veja o que aconteceu! lula viu isso e entrou em desespero! multidÃ£o cont...  via ,Lula,Neutro
2022-08-01 19:41:30+00:00,1554190606909509634,@JanjaLula @inst_lula @GugaNoblat @BlogdoNoblat https://t.co/on1buamfoU,    ,Lula,Neutro
2022-08-01 19:41:30+00:00,1554190604212621321,"@PedroRonchi2 Faltou foi verdade. Quem destruiu paÃ­ses foram os governantes apoiados pela esquerda, vide Argentina e Venezuela. 

Lula foi ""descondenado"" com alegaÃ§Ã£o de que foi julgado em um Estado diferente. NUNCA foi inocentado. 

Falta consciÃªncia para quem ignora os roubos e apoia o PT."," faltou foi verdade. quem destruiu paÃ­ses foram os governantes apoiados pela esquerda, vide argentina e venezuela. lula foi ""descondenado"" com alegaÃ§Ã£o de que foi julgado em um estado diferente. nunca foi inocentado. falta consciÃªncia para quem ignora os roubos e apoia o pt.",Lula,Neutro
2022-08-01 19:41:29+00:00,1554190601418973185,"@LulaOficial URFJ sÃ³ filhotes do PT,"," urfj sÃ³ filhotes do pt,",Lula,Neutro
2022-08-01 19:41:28+00:00,1554190595333279744,Nem dou mais ideia pra esquerdista. Tenho minhas conclusÃµes prontas. LIBERDADE nÃ£o combina com socialismo ou comunismo. DEMOCRACIA nÃ£o combina com DEMONIOCRACIA. Meu voto foi e serÃ¡ novamente do BOLSONARO 22. Lula Ã© amigo e parceiro de presidentes comunistas. https://t.co/xIZ1brgQaW,nem dou mais ideia pra esquerdista. tenho minhas conclusÃµes prontas. liberdade nÃ£o combina com socialismo ou comunismo. democracia nÃ£o combina com demoniocracia. meu voto foi e serÃ¡ novamente do bolsonaro 22. lula Ã© amigo e parceiro de presidentes comunistas. ,Lula,Neutro
2022-08-01 19:41:27+00:00,1554190594267807744,"@BatystaLukas @LulaOficial Preso, LADRÃƒOOOOOOOOOOOOOOOoooooo https://t.co/6YBCV4Vsby","  preso, ladrÃ£ooooooooooooooooooooo ",Lula,Neutro
2022-08-01 19:41:27+00:00,1554190591705104385,@LulaOficial Porque o senhor nÃ£o fez isso quando teve chance entÃ£o? Pare de dizer o que vocÃª quÃª fazer e nos explique porque nÃ£o fez!, porque o senhor nÃ£o fez isso quando teve chance entÃ£o? pare de dizer o que vocÃª quÃª fazer e nos explique porque nÃ£o fez!,Lula,Positivo
2022-08-01 19:41:27+00:00,1554190591583551493,"@LulaOficial Moro em Teresina. Sua estadia aqui nÃ£o Ã© bem vinda. Mas a bolha petista jÃ¡ disponibilizou dezenas de Ã´nibus do interior dando lanche e migalhas para comparecerem.
O povo livre estarÃ¡ neste dia recolhido com medo dessa quadrilha que estarÃ¡ aqui.", moro em teresina. sua estadia aqui nÃ£o Ã© bem vinda. mas a bolha petista jÃ¡ disponibilizou dezenas de Ã´nibus do interior dando lanche e migalhas para comparecerem.o povo livre estarÃ¡ neste dia recolhido com medo dessa quadrilha que estarÃ¡ aqui.,Lula,Neutro
2022-08-01 19:41:25+00:00,1554190584847503360,@nilsonnoslinho1 @LulaOficial O problema Ã© que vocÃª nÃ£o colocou ao contrÃ¡rio roubou de todos os Brasileiro @LULALADRÃƒO,  o problema Ã© que vocÃª nÃ£o colocou ao contrÃ¡rio roubou de todos os brasileiro ,Lula,Neutro
2022-08-01 19:41:24+00:00,1554190581454209025,"@rafabppinheiro Sinceramente, eu nÃ£o sei. Pois agora vai comeÃ§ar uma fase aguda onde vai imperar a troca de farpas entre Lula e Bolsonaro, o Ciro poderia se vender como o ""conciliador"" da histÃ³ria. E Ã© aquilo, nÃ©? O fracasso ele jÃ¡ tem!"," sinceramente, eu nÃ£o sei. pois agora vai comeÃ§ar uma fase aguda onde vai imperar a troca de farpas entre lula e bolsonaro, o ciro poderia se vender como o ""conciliador"" da histÃ³ria. e Ã© aquilo, nÃ©? o fracasso ele jÃ¡ tem!",Lula,Neutro
2022-08-01 19:41:24+00:00,1554190581395607555,"@LulaOficial Vaza daqui condenado.
Volta pra cadeia de onde nunca devia ter saÃ­do. VocÃª Ã© um criminoso condenado pela justiÃ§a, nunca vai ser esperanÃ§a pra ninguÃ©m, jÃ¡ te conhecemos bem."," vaza daqui condenado.volta pra cadeia de onde nunca devia ter saÃ­do. vocÃª Ã© um criminoso condenado pela justiÃ§a, nunca vai ser esperanÃ§a pra ninguÃ©m, jÃ¡ te conhecemos bem.",Lula,Neutro
2022-08-01 19:41:24+00:00,1554190579759816705,@LulaOficial @gioewbank @brunogagliasso Kkkkkk sÃ³ rindo kkkkk,   kkkkkk sÃ³ rindo kkkkk,Lula,Neutro
2022-08-01 19:41:20+00:00,1554190561795620865,"@LulaOficial @dilmabr Vc roubou o que pode nessa obra, e a abandonou. Ã‰ isso","  vc roubou o que pode nessa obra, e a abandonou. Ã© isso",Lula,Neutro
2022-08-01 19:41:19+00:00,1554190560516116480,@LulaOficial Eu vou dormir com depois que eu como um prato de comida nÃ£o um copo de leite, eu vou dormir com depois que eu como um prato de comida nÃ£o um copo de leite,Lula,Neutro
2022-08-01 19:41:17+00:00,1554190550949150720,"@Fconegundes @tracklist VERDADE!! POR ISSO SOU A FAVOR QUE SPAQUEM O LULA, ESAQUEM O BOLSOANRO, ESPAQUEM OS MARGINAIS, ESPAQUEM HOMICIDA, ESPANQUEM TRAFICANTES, ESPAQUEM ASSALTANTES , E POR AI VAI!! VAMOS VIVER EM UM MUNDO DE OLHO POR OLHO DENTE POR DENTE QUE TODO MUNDO TERMINA BANGUELO E CEGO","  verdade!! por isso sou a favor que spaquem o lula, esaquem o bolsoanro, espaquem os marginais, espaquem homicida, espanquem traficantes, espaquem assaltantes , e por ai vai!! vamos viver em um mundo de olho por olho dente por dente que todo mundo termina banguelo e cego",Lula,Positivo
2022-08-01 19:41:17+00:00,1554190550408077316,@LulaOficial https://t.co/D5n3juHCli, ,Lula,Neutro
2022-08-01 19:41:16+00:00,1554190547140521985,"@LulaOficial Iti malia que vovÃ´ fofiiiiinhuuuuuu.... 

Parem de imbecilizar o povo, pelo amor de deus!!!!!!"," iti malia que vovÃ´ fofiiiiinhuuuuuu.... parem de imbecilizar o povo, pelo amor de deus!!!!!!",Lula,Positivo
2022-08-01 19:41:14+00:00,1554190538177495042,@Francis970AM Lula es un hijo de puta comunista puerco q si gana lo hara con trampa como han ganado la mayoria de los gobiernos zurdocomunistas q ahora estÃ¡n comiendo de la basura, lula es un hijo de puta comunista puerco q si gana lo hara con trampa como han ganado la mayoria de los gobiernos zurdocomunistas q ahora estÃ¡n comiendo de la basura,Lula,Neutro
2022-08-01 19:41:14+00:00,1554190537158189057,"@gaelrizzi Deixa eu adivinhar. Bolsonaro 99% e Lula 0,2%?"," deixa eu adivinhar. bolsonaro 99% e lula 0,2%?",Lula,Neutro
2022-08-01 19:41:11+00:00,1554190526945153025,@LulaOficial PinguÃ§o ğŸ¤£ğŸ¤£ğŸ¤£ğŸ¤£, pinguÃ§o ğŸ¤£ğŸ¤£ğŸ¤£ğŸ¤£,Lula,Neutro
2022-08-01 19:41:11+00:00,1554190526127263744,"@ThaisRMaschio @pedrodoria A indÃºstria teve forte queda depois de 3 gov neoliberais (Collor,Itamar e FHC), experimentou crescimento no gov Lula, ainda sem uma retomada na % dos anos 80. No governo Dilma os trabalhadores tiveram a maior renda desde 1965, a menor taxa de desemprego histÃ³rica.","  a indÃºstria teve forte queda depois de 3 gov neoliberais (collor,itamar e fhc), experimentou crescimento no gov lula, ainda sem uma retomada na % dos anos 80. no governo dilma os trabalhadores tiveram a maior renda desde 1965, a menor taxa de desemprego histÃ³rica.",Lula,Negativo
2022-08-01 19:41:09+00:00,1554190517965148161,@juliette Em Lula nem Bolsonaro por falta de opÃ§Ã£o voto nulo https://t.co/zalngjjnRt, em lula nem bolsonaro por falta de opÃ§Ã£o voto nulo ,Lula,Neutro
2022-08-01 19:41:08+00:00,1554190512646750216,@Ceissa_Med @LulaOficial LADRÃƒOOOOOOOOOOOOOOOoooooo https://t.co/6OE2loY2zM,  ladrÃ£ooooooooooooooooooooo ,Lula,Neutro
2022-08-01 19:41:07+00:00,1554190510641844224,"@ArthurWeint @EsterBAbrahao ğŸ“ŠDatafolha, desempenho de Lula e de Bolsonaro por regiÃ£o:

Sudeste:
ğŸ”´Lula 43% (=)
ğŸŸ¤Bolsonaro 28% (-1)
Nordeste: 
ğŸ”´Lula 59% (-1)
ğŸŸ¤Bolsonaro 24% (+5)
Norte/Centro-Oeste: 
ğŸ”´Lula 42% (=)
ğŸŸ¤Bolsonaro 37% (+1)
Sul: 
ğŸ”´Lula 41%  (=)
ğŸŸ¤Bolsonaro 34% (=) https://t.co/8KFYBRn4i8","  ğŸ“Šdatafolha, desempenho de lula e de bolsonaro por regiÃ£o:sudeste:ğŸ”´lula 43% (=)ğŸŸ¤bolsonaro 28% (-1)nordeste: ğŸ”´lula 59% (-1)ğŸŸ¤bolsonaro 24% (+5)norte/centro-oeste: ğŸ”´lula 42% (=)ğŸŸ¤bolsonaro 37% (+1)sul: ğŸ”´lula 41%  (=)ğŸŸ¤bolsonaro 34% (=) ",Lula,Neutro
2022-08-01 19:41:07+00:00,1554190508427206657,@CoronelTadeu Que crianÃ§as do Lula cara? vtnc, que crianÃ§as do lula cara? vtnc,Lula,Neutro
2022-08-01 19:41:06+00:00,1554190505382219776,@JssikaTamara2 @LulaOficial Kkkkkkkkkkkkkkkkkkkkkkkkkkkk aÃ­ miga cÃª e engraÃ§ada,  kkkkkkkkkkkkkkkkkkkkkkkkkkkk aÃ­ miga cÃª e engraÃ§ada,Lula,Neutro
2022-08-01 19:41:06+00:00,1554190503415005184,@guimaraes13PT @LulaOficial @geraldoalckmin CapitÃ£o cueca! ğŸ˜‚ğŸ˜‚ğŸ˜‚ğŸ˜‚ğŸ˜‚,   capitÃ£o cueca! ğŸ˜‚ğŸ˜‚ğŸ˜‚ğŸ˜‚ğŸ˜‚,Lula,Neutro
2022-08-01 19:41:05+00:00,1554190502722928641,"@FiscalesGobAr 
@DiputadosAR 
@Diputados_Todos 

El Fiscal de la naciÃ³nğŸ‡¦ğŸ‡· habla como lxs fiscales impulsadxs por Moro en Brasil a condenar a Lula
Sospechas ""armadas"", medios concentrados y cierta embajada

#Lawfare 
Â¿Pericias?
Â¿Pruebasâ‰ï¸
#Democracia https://t.co/OqVmoxHJiO","   el fiscal de la naciÃ³nğŸ‡¦ğŸ‡· habla como lxs fiscales impulsadxs por moro en brasil a condenar a lulasospechas ""armadas"", medios concentrados y cierta embajada#lawfare Â¿pericias?Â¿pruebasâ‰ï¸ ",Lula,Neutro
2022-08-01 19:41:04+00:00,1554190496750239746,"@pablo_giuliani @slpng_giants_pt O ameba, imbecil, tu entende tanto de leis e foros de justica quanto o assassino ladrÃ£o que ocupa a cadeira de presidente.
Pare de bostejar, informe-se primeiro.

Bolsonaro nÃ£o trabalha
Bolsonaro ladrÃ£o

Lula2022
Lula presidente
#LulaNo1ÂºTurno","  o ameba, imbecil, tu entende tanto de leis e foros de justica quanto o assassino ladrÃ£o que ocupa a cadeira de presidente.pare de bostejar, informe-se primeiro.bolsonaro nÃ£o trabalhabolsonaro ladrÃ£olula2022lula presidente#lulano1Âºturno",Lula,Neutro
2022-08-01 19:41:03+00:00,1554190493847883778,@LulaOficial Vai devolver o dinheiro que roubou?, vai devolver o dinheiro que roubou?,Lula,Neutro
2022-08-01 19:41:03+00:00,1554190492803399683,"@PedroRonchi2 @UOLNoticias @LulaOficial De novo, o mesmo cara de pau que defende bandido aqui.","   de novo, o mesmo cara de pau que defende bandido aqui.",Lula,Neutro
2022-08-01 19:41:02+00:00,1554190486218342402,"@senadorhumberto Nossa.   O Draculino ta tomando conta mesmo da vida do Bolsonaro.   O Lula roubou, quebrou o paÃ­s.   Se todo mundo vigiasse o LadrÃ£o,  ele nÃ£o tinha feito o que fez."," nossa.   o draculino ta tomando conta mesmo da vida do bolsonaro.   o lula roubou, quebrou o paÃ­s.   se todo mundo vigiasse o ladrÃ£o,  ele nÃ£o tinha feito o que fez.",Lula,Neutro
2022-08-01 19:41:01+00:00,1554190483265658881,@Tarcelissimo @Renan_Schardong @LulaOficial SÃ³ trabalhar q fica acessÃ­vel kkÄ·kk,   sÃ³ trabalhar q fica acessÃ­vel kkÄ·kk,Lula,Neutro
2022-08-01 19:40:58+00:00,1554190470682755075,"@DavidGois40 Isso na Ã©poca em q se achava q Moro era imparcial, tinha provas e antes da comprovaÃ§Ã£o da VAZA JATO q mostrou q Moro se uniu a Dallagnol p prejudicar Lula, fazia tudo para Bolsonaro ser eleito. A ONU, sem nh juiz brasileiro, tb decidiu q nÃ£o houve provas

 https://t.co/ZiEh6UGHvF"," isso na Ã©poca em q se achava q moro era imparcial, tinha provas e antes da comprovaÃ§Ã£o da vaza jato q mostrou q moro se uniu a dallagnol p prejudicar lula, fazia tudo para bolsonaro ser eleito. a onu, sem nh juiz brasileiro, tb decidiu q nÃ£o houve provas ",Lula,Positivo
2022-08-01 19:40:58+00:00,1554190469437030404,"Ã‰ fundamental eleger Governadores, Deputados e Senadores que apoiam  @LulaOficial Como bem destacou nosso presidente: â€œNessa eleiÃ§Ã£o, Ã© a democracia contra o fascismoâ€. Portanto precisamos de uma bancada forte! Ã‰ LULA PRESIDENTE ğŸ’« #LulaNoPrimeiroTurno #PTdePontaAponta https://t.co/iKcH11RMdE","Ã© fundamental eleger governadores, deputados e senadores que apoiam   como bem destacou nosso presidente: â€œnessa eleiÃ§Ã£o, Ã© a democracia contra o fascismoâ€. portanto precisamos de uma bancada forte! Ã© lula presidente ğŸ’«   ",Lula,Neutro
2022-08-01 19:40:57+00:00,1554190465884475392,@MortariSchmidt @ANAMARIABRAGA E o que tem haver Lula na histÃ³ria?,  e o que tem haver lula na histÃ³ria?,Lula,Neutro
2022-08-01 19:40:56+00:00,1554190463833366529,PGR QUER SOLTAR Bolsonarista que AMEAÃ‡OU Lula e STF https://t.co/0BrIDDMZ4f via @YouTube,pgr quer soltar bolsonarista que ameaÃ§ou lula e stf  via ,Lula,Neutro
2022-08-01 19:40:56+00:00,1554190462403190788,@LulaOficial VocÃª fez dos filhos do pobre engenheiro e depois de sua roubalheira os mesmos sÃ£o engenheiros que viraram pedreiros, vocÃª fez dos filhos do pobre engenheiro e depois de sua roubalheira os mesmos sÃ£o engenheiros que viraram pedreiros,Lula,Neutro
2022-08-01 19:40:56+00:00,1554190461279010816,"Posto um storie de comida = 15 visualizaÃ§Ãµes.
Posto com bonezinho de lula 2022 no barradao = o Instagram inteiro.",posto um storie de comida = 15 visualizaÃ§Ãµes.posto com bonezinho de lula 2022 no barradao = o instagram inteiro.,Lula,Negativo
2022-08-01 19:40:55+00:00,1554190460503166976,"@ThiagoResiste LULA, o canalha, atÃ© quis puxar pra si a criaÃ§Ã£o do FIES...  Mas a INTERNET nÃ£o PERDOA...
https://t.co/zbtN728Q9M"," lula, o canalha, atÃ© quis puxar pra si a criaÃ§Ã£o do fies...  mas a internet nÃ£o perdoa...",Lula,Neutro
2022-08-01 19:40:55+00:00,1554190460003950595,@guimaraes13PT @LulaOficial @geraldoalckmin Vai dividir a cueca com Alckmin?,   vai dividir a cueca com alckmin?,Lula,Neutro
2022-08-01 19:40:55+00:00,1554190459890802688,"@juniorduartedj @LulaOficial @Nilsonhandebol Seguindo,sdv todos","   seguindo,sdv todos",Lula,Neutro
2022-08-01 19:40:54+00:00,1554190455813931008,"@SandroM1488 @LulaOficial @gioewbank @brunogagliasso Tem q fazer muito mais q tempestade! Tem q quebrar o sistema, cair os privilÃ©gios, expor os racistas e penas q faÃ§a jus ao mal q fazem aos seres humanos.","    tem q fazer muito mais q tempestade! tem q quebrar o sistema, cair os privilÃ©gios, expor os racistas e penas q faÃ§a jus ao mal q fazem aos seres humanos.",Lula,Neutro
2022-08-01 19:40:54+00:00,1554190455792979971,"@LulaOficial A fome da lucro!
Antes o que os mercados jogavam no lixo, agora estÃ£o vendendoâ€¦
CarcaÃ§as, peles,
Isso Ã© uma vergonha!
Lula 2022 pra isso mudar!"," a fome da lucro!antes o que os mercados jogavam no lixo, agora estÃ£o vendendoâ€¦carcaÃ§as, peles,isso Ã© uma vergonha!lula 2022 pra isso mudar!",Lula,Negativo
2022-08-01 19:40:54+00:00,1554190454782050304,"@bernardokuster2 Penso que a intenÃ§Ã£o do Bob Jeff Ã© ajudar o Bolsonaro, poupando-o de desgastes maiores. Ele, Bob Jeff, irÃ¡ fazer o papel de falar as verdades sobre o Lula, sem q Bolsonaro entre nesta briga. Depois de falar verdades sobre o nine, massacrando e arrasando c ele, Bob sai de cena."," penso que a intenÃ§Ã£o do bob jeff Ã© ajudar o bolsonaro, poupando-o de desgastes maiores. ele, bob jeff, irÃ¡ fazer o papel de falar as verdades sobre o lula, sem q bolsonaro entre nesta briga. depois de falar verdades sobre o nine, massacrando e arrasando c ele, bob sai de cena.",Lula,Neutro
2022-08-01 19:41:43+00:00,1554190661561339905,@twiterdoMumu @apyus O @cirogomes ciranha Ã©  marvel,  o  ciranha Ã©  marvel,Ciro Gomes,Positivo
2022-08-01 19:41:29+00:00,1554190602639740932,@Kadancordeiro86 @Yurimagrelin @cirogomes @gioewbank Sim. Qual o problema?,    sim. qual o problema?,Ciro Gomes,Neutro
2022-08-01 19:41:26+00:00,1554190590232903685,@cirogomes ğŸ‘ğŸ™ŒğŸ‘, ğŸ‘ğŸ™ŒğŸ‘,Ciro Gomes,Neutro
2022-08-01 19:40:58+00:00,1554190473400573954,"@Yurimagrelin @cirogomes @gioewbank Achar que um homem pÃºblico fala - e deve falar - tudo que pensa, da forma que pensa e no momento que pensa Ã© ser imaturo e - sinceramente - burro.","   achar que um homem pÃºblico fala - e deve falar - tudo que pensa, da forma que pensa e no momento que pensa Ã© ser imaturo e - sinceramente - burro.",Ciro Gomes,Negativo
2022-08-01 19:40:54+00:00,1554190453175734274,@joaorrios79 @cirogomes TÃ´ cansada desse povo,  tÃ´ cansada desse povo,Ciro Gomes,Neutro
2022-08-01 19:40:53+00:00,1554190449077780480,A rebeldia da esperanÃ§a! #PrefiroCiro #PrefiroCiroPresidente12 #CiroNoSegundoTurno  #CiroGomes https://t.co/7MrIaKk0az,a rebeldia da esperanÃ§a!      ,Ciro Gomes,Neutro
2022-08-01 19:40:52+00:00,1554190448209661953,"@itjoelrs @MarceloMangabe4 @apaguiga @Vana_FN @rital1n0 @cirogomes @CartunistaT @LulaOficial Saiu e depois voltou qdo o Loola se corrompeu. Fui eleitora dele e reconheÃ§o o q ele fez de bom. Mas o que foi bom um dia, acabou. Vc deve saber pq, embora n queira reconhecer e passe pano pra tudo o q aconteceu e vai acontecer se ele ganhar junto com essa quadrilha q estÃ¡ c ele","        saiu e depois voltou qdo o loola se corrompeu. fui eleitora dele e reconheÃ§o o q ele fez de bom. mas o que foi bom um dia, acabou. vc deve saber pq, embora n queira reconhecer e passe pano pra tudo o q aconteceu e vai acontecer se ele ganhar junto com essa quadrilha q estÃ¡ c ele",Ciro Gomes,Neutro
2022-08-01 19:40:37+00:00,1554190384519069696,"O prÃ³ximo artigo no Blog do Luiz ClÃ¡udio Ferreira Barbosa. Na noite dessa segunda-feira (01/08). 

TÃ­tulo - Tasso Jereissati ainda se reconhece no Ciro Gomes?

Luiz ClÃ¡udio Ferreira Barbosa Ã© gerente-executivo da Consultoria LCFB https://t.co/HSQNWIVG84",o prÃ³ximo artigo no blog do luiz clÃ¡udio ferreira barbosa. na noite dessa segunda-feira (01/08). tÃ­tulo - tasso jereissati ainda se reconhece no ciro gomes?luiz clÃ¡udio ferreira barbosa Ã© gerente-executivo da consultoria lcfb ,Ciro Gomes,Negativo
2022-08-01 19:40:20+00:00,1554190313564114946,"@Yurimagrelin @cirogomes @gioewbank Nossa mano, tu sÃ³ fala merd@","   nossa mano, tu sÃ³ fala merd@",Ciro Gomes,Neutro
2022-08-01 19:40:13+00:00,1554190283956436993,@ThaisRMaschio @pedrodoria @fabiohipermidia @cirogomes @lucas_fontelles https://t.co/bAZtOVjTz2,     ,Ciro Gomes,Neutro
2022-08-01 19:40:09+00:00,1554190263995621376,"@alebitenco @rftailor @cirogomes Pois ela nÃ£o deveria receber entÃ£o, mas se recebe de fato, tendo outra fonte de rendaâ€¦ entÃ£o ela vai ter outra renda pra pagar o emprÃ©stimoâ€¦","   pois ela nÃ£o deveria receber entÃ£o, mas se recebe de fato, tendo outra fonte de rendaâ€¦ entÃ£o ela vai ter outra renda pra pagar o emprÃ©stimoâ€¦",Ciro Gomes,Neutro
2022-08-01 19:40:03+00:00,1554190241451343872,"@Yurimagrelin @cirogomes @gioewbank NÃ£o concordo com Ciro, nem ele provavelmente concorda com ele nessa frase. Concordo com a atitude do Ciro, fez como qualquer estadista deve fazer.","   nÃ£o concordo com ciro, nem ele provavelmente concorda com ele nessa frase. concordo com a atitude do ciro, fez como qualquer estadista deve fazer.",Ciro Gomes,Neutro
2022-08-01 19:39:57+00:00,1554190215845126146,@cirogomes @gioewbank quando a gente precisou de um brasileiro pra gritar contra um fascista igual a @gioewbank ele foi pra Paris,  quando a gente precisou de um brasileiro pra gritar contra um fascista igual a  ele foi pra paris,Ciro Gomes,Neutro
2022-08-01 19:39:53+00:00,1554190199848042497,"@AdrianaRepresas @cirogomes Ciro, claro. Lula teve o currÃ­culo aprovado duas vezes pela populaÃ§Ã£o brasileira. E estÃ¡ em vias de uma terceira aprovaÃ§Ã£o.","  ciro, claro. lula teve o currÃ­culo aprovado duas vezes pela populaÃ§Ã£o brasileira. e estÃ¡ em vias de uma terceira aprovaÃ§Ã£o.",Ciro Gomes,Neutro
2022-08-01 19:39:53+00:00,1554190197109268481,@canalsoloutubro @pehdebarro @cirogomes @cirogomes,   ,Ciro Gomes,Neutro
2022-08-01 19:39:50+00:00,1554190187256844293,"@JornalismoWando @cirogomes @caiofabiovvtv Cara, tira esse tÃ­tulo de ""Jornalista"", pelo amordi. ğŸ« ğŸ‚","   cara, tira esse tÃ­tulo de ""jornalista"", pelo amordi. ğŸ« ğŸ‚",Ciro Gomes,Neutro
2022-08-01 19:39:25+00:00,1554190082449571840,@Vana_FN @EvaLopesdaSilv4 @MarceloMangabe4 @rital1n0 @cirogomes @CartunistaT E o PTB do Ciro? Ã€ Ã© NUNCA foi,      e o ptb do ciro? Ã  Ã© nunca foi,Ciro Gomes,Neutro
2022-08-01 19:39:24+00:00,1554190076929777664,"@igorpqmxx @ismattca @tacagota @CCMazza E outra, nÃ£o adianta colocar nem o Senador Cid nesse balaio, com todas as criticas que eu possa ter contra ele, ele nÃ£o tem par na traiÃ§Ã£o que rachou o bloco governista nÃ£o, Ã© obra do Sr. Ciro Gomes, pela pura vaidade e o medo de nÃ£o tomar uma inevitavel surra eleitoral aqui","    e outra, nÃ£o adianta colocar nem o senador cid nesse balaio, com todas as criticas que eu possa ter contra ele, ele nÃ£o tem par na traiÃ§Ã£o que rachou o bloco governista nÃ£o, Ã© obra do sr. ciro gomes, pela pura vaidade e o medo de nÃ£o tomar uma inevitavel surra eleitoral aqui",Ciro Gomes,Neutro
2022-08-01 19:39:08+00:00,1554190008550133761,@pedrodoria @fabiohipermidia @cirogomes @lucas_fontelles olar ^^,    olar ^^,Ciro Gomes,Neutro
2022-08-01 19:38:52+00:00,1554189943181873153,"Estado de Minas: Ciro Gomes assina carta em favor da democracia.
https://t.co/fC42ld0yS7

via @GoogleNews",estado de minas: ciro gomes assina carta em favor da democracia. ,Ciro Gomes,Positivo
2022-08-01 19:38:43+00:00,1554189906498490369,@MarcoBr12019067 @cirogomes @LulaOficial Uma mÃºsica pra vc https://t.co/OVkzYd2RZv,   uma mÃºsica pra vc ,Ciro Gomes,Neutro
2022-08-01 19:38:10+00:00,1554189764806541316,"@Correa16Cida @cirogomes @GloboNews PÃµe decepÃ§Ã£o, o cara tem a mesma dinÃ¢mica de Ã³dio do BOSTANARO, Ã© o CIRONARO","   pÃµe decepÃ§Ã£o, o cara tem a mesma dinÃ¢mica de Ã³dio do bostanaro, Ã© o cironaro",Ciro Gomes,Neutro
2022-08-01 19:38:05+00:00,1554189743923003396,@cirogomes ParabÃ©ns e muitas felicidades para Ney Mato Grosso!, parabÃ©ns e muitas felicidades para ney mato grosso!,Ciro Gomes,Neutro
2022-08-01 19:38:00+00:00,1554189723144445960,@JoseRocha @cirogomes NÃ£o prefiro.,  nÃ£o prefiro.,Ciro Gomes,Neutro
2022-08-01 19:37:47+00:00,1554189669981736961,@EvaLopesdaSilv4 @MarceloMangabe4 @apaguiga @Vana_FN @rital1n0 @cirogomes @CartunistaT Se fosse Ciro X Bozo em um SEGUNDO turno APOSTO que atÃ© bandeirinha do PTB o Lula balanÃ§ava,       se fosse ciro x bozo em um segundo turno aposto que atÃ© bandeirinha do ptb o lula balanÃ§ava,Ciro Gomes,Neutro
2022-08-01 19:37:42+00:00,1554189650079764487,"@Mar_Pinho1 @cirogomes Se Ciro, Bolsonaro e Lula enviarem  seus currÃ­culos pro Beach Park, quem vocÃª acha que seria contratado para administrar o maior park da AmÃ©rica Latina?","  se ciro, bolsonaro e lula enviarem  seus currÃ­culos pro beach park, quem vocÃª acha que seria contratado para administrar o maior park da amÃ©rica latina?",Ciro Gomes,Neutro
2022-08-01 19:37:32+00:00,1554189605972443142,@cirogomes Urgente ğŸ“£, urgente ğŸ“£,Ciro Gomes,Neutro
2022-08-01 19:37:31+00:00,1554189603149586437,@Fabricio_Rebelo @Ana_reloaded_10 O Brasil precisa de Ciro Gomes!,  o brasil precisa de ciro gomes!,Ciro Gomes,Neutro
2022-08-01 19:37:26+00:00,1554189584120045568,@marivalentimdf @cirogomes Mandetta?,  mandetta?,Ciro Gomes,Neutro
2022-08-01 19:37:18+00:00,1554189550368464896,@AristidesMCanut @cirogomes Sim. Muito digno.,  sim. muito digno.,Ciro Gomes,Neutro
2022-08-01 19:37:08+00:00,1554189507339091970,@cirogomes @jairbolsonaro, ,Ciro Gomes,Neutro
2022-08-01 19:36:42+00:00,1554189396177522688,"@cirogomes Eu nÃ£o sei, mas pago pra ver, vou votar nele de novo, quero mais desse vapor"," eu nÃ£o sei, mas pago pra ver, vou votar nele de novo, quero mais desse vapor",Ciro Gomes,Neutro
2022-08-01 19:36:16+00:00,1554189286949502987,@FERNAND66279834 @alertatotal @LulaOficial @jairbolsonaro @cirogomes Se o ministro for indicado pelo seu bandido de estimaÃ§Ã£o vc confia nÃ©?,     se o ministro for indicado pelo seu bandido de estimaÃ§Ã£o vc confia nÃ©?,Ciro Gomes,Neutro
2022-08-01 19:36:05+00:00,1554189241747374087,@cirogomes @gioewbank CirÃ£o soltando o Verbo ğŸ‘,  cirÃ£o soltando o verbo ğŸ‘,Ciro Gomes,Neutro
2022-08-01 19:35:52+00:00,1554189189020880897,@RomuloKvalcante @BlogdoNoblat @cirogomes EntÃ£o deveria se aposentar e cuidar da sua saÃºde mental. Ciro Ã© desequilibrado.,   entÃ£o deveria se aposentar e cuidar da sua saÃºde mental. ciro Ã© desequilibrado.,Ciro Gomes,Neutro
2022-08-01 19:35:47+00:00,1554189168435142664,"@cirogomes 
https://t.co/nXmuDlM1TG", ,Ciro Gomes,Neutro
2022-08-01 19:35:39+00:00,1554189132695584769,"@Vana_FN @itjoelrs @MarceloMangabe4 @rital1n0 @cirogomes @CartunistaT Boa! ğŸ‘ğŸ‘ğŸ‘ğŸ‘
Vamos esperar ele responder essa kkk",      boa! ğŸ‘ğŸ‘ğŸ‘ğŸ‘vamos esperar ele responder essa kkk,Ciro Gomes,Neutro
2022-08-01 19:35:21+00:00,1554189058544439298,@Aquino63715274 @cirogomes NÃ£o viaja. Nando Moura Ã© quem pra sabatinar alguÃ©m?,  nÃ£o viaja. nando moura Ã© quem pra sabatinar alguÃ©m?,Ciro Gomes,Neutro
2022-08-01 19:35:20+00:00,1554189052504580096,@EvaLopesdaSilv4 @MarceloMangabe4 @Vana_FN @rital1n0 @cirogomes @CartunistaT NINGUÃ‰M falou isso tambÃ©m mas pesquisa em que anos o brasileiro teve maior acesso a informaÃ§Ãµes e acesso a Internet,      ninguÃ©m falou isso tambÃ©m mas pesquisa em que anos o brasileiro teve maior acesso a informaÃ§Ãµes e acesso a internet,Ciro Gomes,Neutro
2022-08-01 19:35:19+00:00,1554189051510624256,@cirogomes Voa biroliro https://t.co/p81xzOBkhQ, voa biroliro ,Ciro Gomes,Neutro
2022-08-01 19:35:16+00:00,1554189037983916032,"@andreroncaglia @eliasjabbour @moreira_uallace @marconi_nelson @GuilSMello Ciro Gomes, o porra-louca, estÃ¡ no grupo neofascista ""nova resistÃªncia"" do PDT ?","     ciro gomes, o porra-louca, estÃ¡ no grupo neofascista ""nova resistÃªncia"" do pdt ?",Ciro Gomes,Negativo
2022-08-01 19:35:02+00:00,1554188979842547718,@cirogomes @caiofabiovvtv Gloria!,  gloria!,Ciro Gomes,Neutro
2022-08-01 19:34:57+00:00,1554188955846844417,"@Gisele_MS2 @GloboNews @cirogomes Sim, uma amiga aqui colocou um corte parecido. Muito obrigada!","   sim, uma amiga aqui colocou um corte parecido. muito obrigada!",Ciro Gomes,Neutro
2022-08-01 19:34:54+00:00,1554188944555786241,@EvaLopesdaSilv4 @itjoelrs @MarceloMangabe4 @rital1n0 @cirogomes @CartunistaT ğŸ˜‚ğŸ˜‚ğŸ˜‚ğŸ˜‚,      ğŸ˜‚ğŸ˜‚ğŸ˜‚ğŸ˜‚,Ciro Gomes,Neutro
2022-08-01 19:34:51+00:00,1554188930689503232,@cirogomes bora descobrir o aniversÃ¡rio d todo mundo.., bora descobrir o aniversÃ¡rio d todo mundo..,Ciro Gomes,Neutro
2022-08-01 19:34:34+00:00,1554188859063271427,@aguia_mad @cirogomes Oportunidade de ter enorme visibilidade em cÃ­rculos conservadores e liberais @cirogomes,  oportunidade de ter enorme visibilidade em cÃ­rculos conservadores e liberais ,Ciro Gomes,Neutro
2022-08-01 19:34:22+00:00,1554188810530996224,@itjoelrs @WendellSampaio5 @cirogomes @CartunistaT LÃ¡ vem Paris de novo... MisericÃ³rdia ğŸ™„,    lÃ¡ vem paris de novo... misericÃ³rdia ğŸ™„,Ciro Gomes,Neutro
2022-08-01 19:34:20+00:00,1554188802935201792,@cirogomes Ciro Gomes 1ï¸âƒ£2ï¸âƒ£ğŸŒ¹, ciro gomes 1ï¸âƒ£2ï¸âƒ£ğŸŒ¹,Ciro Gomes,Neutro
2022-08-01 19:34:13+00:00,1554188772375465986,Eu quero comprar um bonÃ© (escrito Ciro Gomes) e ninguÃ©m vai tirar isso da minha cabeÃ§a.,eu quero comprar um bonÃ© (escrito ciro gomes) e ninguÃ©m vai tirar isso da minha cabeÃ§a.,Ciro Gomes,Neutro
2022-08-01 19:34:04+00:00,1554188736069517313,"@itjoelrs @EvaLopesdaSilv4 @MarceloMangabe4 @rital1n0 @cirogomes @CartunistaT ...da histÃ³ria), corrupÃ§Ã£o...

Esse Ã© o legado do PT!!!!!","      ...da histÃ³ria), corrupÃ§Ã£o...esse Ã© o legado do pt!!!!!",Ciro Gomes,Neutro
2022-08-01 19:34:04+00:00,1554188735398531075,"@cirogomes LÃ¡ vem o Ciro falar em nome limpo novamente, abre o olho ."," lÃ¡ vem o ciro falar em nome limpo novamente, abre o olho .",Ciro Gomes,Neutro
2022-08-01 19:41:43+00:00,1554190661879988224,"@tesoureiros BOLSONARO NÃƒO TRABALHA e nunca trabalhou de verdade na vida
Ãˆ sÃ³ mais um VAGABUNDO que vai apodrecer na cadeia depois de perder a eleiÃ§Ã£o", bolsonaro nÃ£o trabalha e nunca trabalhou de verdade na vidaÃ¨ sÃ³ mais um vagabundo que vai apodrecer na cadeia depois de perder a eleiÃ§Ã£o,Bolsonaro,Neutro
2022-08-01 19:41:43+00:00,1554190659137032192,"@JoseMedeirosMT @jairbolsonaro podemos e queremos viver sem jair bolsonaro
#LulaNoPrimeiroTurno",  podemos e queremos viver sem jair bolsonaro#lulanoprimeiroturno,Bolsonaro,Neutro
2022-08-01 19:41:42+00:00,1554190657740328960,@jairbolsonaro https://t.co/Ms0tqrd1Wx, ,Bolsonaro,Neutro
2022-08-01 19:41:42+00:00,1554190656138002436,"@Metropoles @jairbolsonaro O bozonarismo Ã© um culto Ã  morte. Basta ver o risinho cÃ­nico quando o Bozo fala de morte... GraÃ§as  a Deus,vamos sair  desses tempos eternos de pesadelo. 
Outubro seu lindo, chega rapidinho!","  o bozonarismo Ã© um culto Ã  morte. basta ver o risinho cÃ­nico quando o bozo fala de morte... graÃ§as  a deus,vamos sair  desses tempos eternos de pesadelo. outubro seu lindo, chega rapidinho!",Bolsonaro,Neutro
2022-08-01 19:41:41+00:00,1554190651230658561,Obrigado PR @jairbolsonaro o ESTADO DE GOIÃS AGRADECE. Falo como Goiano e somos sabedores da chegada do TREM https://t.co/cuWLVk0cvz,obrigado pr  o estado de goiÃ¡s agradece. falo como goiano e somos sabedores da chegada do trem ,Bolsonaro,Neutro
2022-08-01 19:41:40+00:00,1554190648361852928,"@o_antagonista @STF_oficial @jairbolsonaro Uma coisa Ã© certa, Bolsonaro estÃ¡ mostrando para todos os outros presidentes que jÃ¡ passaram pelo Brasil como se governa sem corrupÃ§Ã£o... Ã© sÃ³ ter a PGR, alguns do STF, meter PIX no centrÃ£o da corrupÃ§Ã£o, doar ouro do MEC a pastores....","   uma coisa Ã© certa, bolsonaro estÃ¡ mostrando para todos os outros presidentes que jÃ¡ passaram pelo brasil como se governa sem corrupÃ§Ã£o... Ã© sÃ³ ter a pgr, alguns do stf, meter pix no centrÃ£o da corrupÃ§Ã£o, doar ouro do mec a pastores....",Bolsonaro,Negativo
2022-08-01 19:41:39+00:00,1554190643269963777,"@LiaDeSousa1 Essa daÃ­ Ã© mais uma vergonha para a classe negra.ela deveria tomar vergonha na cara e olhar para trÃ¡s, para os ancestrais dela e os ancestrais do bolsonaro.essa Ã© mais uma q vendeu sua alma ao diabo."," essa daÃ­ Ã© mais uma vergonha para a classe negra.ela deveria tomar vergonha na cara e olhar para trÃ¡s, para os ancestrais dela e os ancestrais do bolsonaro.essa Ã© mais uma q vendeu sua alma ao diabo.",Bolsonaro,Neutro
2022-08-01 19:41:38+00:00,1554190638064828416,@Metropoles Vai Bolsonaro. Liberando armas., vai bolsonaro. liberando armas.,Bolsonaro,Neutro
2022-08-01 19:41:36+00:00,1554190631098093571,@Robert_jus @Lojas_Renner @jairbolsonaro Tbm cancelo o meu.,   tbm cancelo o meu.,Bolsonaro,Neutro
2022-08-01 19:41:36+00:00,1554190630884098053,"@Cepedretti @simonetebetbr Nem quero isso.
Quem vota em Tibet jamais vai votar em Bolsonaro.",  nem quero isso.quem vota em tibet jamais vai votar em bolsonaro.,Bolsonaro,Neutro
2022-08-01 19:41:36+00:00,1554190629026029571,@Jouberth19 Jair Bolsonaro ğŸ‡§ğŸ‡·ğŸ‡§ğŸ‡·ğŸ‡§ğŸ‡·ğŸ‡§ğŸ‡·, jair bolsonaro ğŸ‡§ğŸ‡·ğŸ‡§ğŸ‡·ğŸ‡§ğŸ‡·ğŸ‡§ğŸ‡·,Bolsonaro,Neutro
2022-08-01 19:41:35+00:00,1554190628132737024,PGR critica Moraes e volta a defender arquivamento da investigaÃ§Ã£o deÂ Bolsonaro https://t.co/4RlZIFxqlt,pgr critica moraes e volta a defender arquivamento da investigaÃ§Ã£o deÂ bolsonaro ,Bolsonaro,Positivo
2022-08-01 19:41:35+00:00,1554190627524452353,@DanielaLima_ @JSPendot Mais uma pau mandado de Bolsonaro.,  mais uma pau mandado de bolsonaro.,Bolsonaro,Neutro
2022-08-01 19:41:35+00:00,1554190626106867714,"Ei @Ana_Flor explique pq a desistÃªncia de um cara que tinha 1% na carrida para o governo de SP traz "" alÃ­vio"" para o Presidente Bolsonaro?ğŸ¤”ğŸ´","ei  explique pq a desistÃªncia de um cara que tinha 1% na carrida para o governo de sp traz "" alÃ­vio"" para o presidente bolsonaro?ğŸ¤”ğŸ´",Bolsonaro,Neutro
2022-08-01 19:41:34+00:00,1554190624328384528,@Jouberth19 Jair Bolsonaro ğŸ‡§ğŸ‡·, jair bolsonaro ğŸ‡§ğŸ‡·,Bolsonaro,Neutro
2022-08-01 19:41:33+00:00,1554190617458229250,@CarlaZambelli38 Bolsonaro bandido...Falava tÃ£o mal do Bolsa FamÃ­lia dizia que era compra de votos e agora  Ã  3 meses da EleiÃ§Ã£o dÃ¡ o maior aumento de do Bolsa FamÃ­lia o que ele chamava de Bolsa farelo....Ã‰ ainda quer ser Senador automaticamente sem votos porque sabe que vai ser preso..*CORRUPTO*, bolsonaro bandido...falava tÃ£o mal do bolsa famÃ­lia dizia que era compra de votos e agora  Ã  3 meses da eleiÃ§Ã£o dÃ¡ o maior aumento de do bolsa famÃ­lia o que ele chamava de bolsa farelo....Ã© ainda quer ser senador automaticamente sem votos porque sabe que vai ser preso..*corrupto*,Bolsonaro,Neutro
2022-08-01 19:41:32+00:00,1554190614451093504,"@brom_elisa Pesquise real e verdadeira em Sampa: BOLSONARO com 95%, CRUSTÃCEO COM 5%. PÃTRIA AMADA BRASIL. https://t.co/IPxKe2bSbP"," pesquise real e verdadeira em sampa: bolsonaro com 95%, crustÃ¡ceo com 5%. pÃ¡tria amada brasil. ",Bolsonaro,Neutro
2022-08-01 19:41:30+00:00,1554190606771130374,@Rconstantino Deus nos livre de vagabundos canalhas como bolsonaro e seu bando Foraaa com bolsonaro no comando jÃ¡ estamos vivendo uma Venezuela palhaÃ§o, deus nos livre de vagabundos canalhas como bolsonaro e seu bando foraaa com bolsonaro no comando jÃ¡ estamos vivendo uma venezuela palhaÃ§o,Bolsonaro,Negativo
2022-08-01 19:41:29+00:00,1554190603428286466,@LucianoHangBr RIDÃCULO A FOLHA...CADA MENTIRA   ACEGURA O MEU VOTO A BOLSONARO., ridÃ­culo a folha...cada mentira   acegura o meu voto a bolsonaro.,Bolsonaro,Neutro
2022-08-01 19:41:29+00:00,1554190599573610502,@BlogdoNoblat @JSPendot Todos pau mandado do Bolsonaro se@venderam Ã© muita falta de carÃ¡ter,  todos pau mandado do bolsonaro se Ã© muita falta de carÃ¡ter,Bolsonaro,Neutro
2022-08-01 19:41:28+00:00,1554190598843899906,"@monicaluciavaca interesante  la polarizaciÃ³n""extremada"" de la polÃ­tica desde principios de siglo ha degenerado y la mercantilizacion muestra  presidente de (Ucrania ) USA) Donal trump Bolsonaro (Brasil) Hugo ChÃ¡vez  Venezuela y la peor muestra un banquero senil mentiroso Guillermo Lasso Ecuador"," interesante  la polarizaciÃ³n""extremada"" de la polÃ­tica desde principios de siglo ha degenerado y la mercantilizacion muestra  presidente de (ucrania ) usa) donal trump bolsonaro (brasil) hugo chÃ¡vez  venezuela y la peor muestra un banquero senil mentiroso guillermo lasso ecuador",Bolsonaro,Positivo
2022-08-01 19:41:28+00:00,1554190597291917313,"as coisas absurdas de caras no mercado, meu deus o que o bolsonaro fez com o nosso paÃ­s?
 https://t.co/InDGO7OsTW","as coisas absurdas de caras no mercado, meu deus o que o bolsonaro fez com o nosso paÃ­s? ",Bolsonaro,Negativo
2022-08-01 19:41:28+00:00,1554190595333279744,Nem dou mais ideia pra esquerdista. Tenho minhas conclusÃµes prontas. LIBERDADE nÃ£o combina com socialismo ou comunismo. DEMOCRACIA nÃ£o combina com DEMONIOCRACIA. Meu voto foi e serÃ¡ novamente do BOLSONARO 22. Lula Ã© amigo e parceiro de presidentes comunistas. https://t.co/xIZ1brgQaW,nem dou mais ideia pra esquerdista. tenho minhas conclusÃµes prontas. liberdade nÃ£o combina com socialismo ou comunismo. democracia nÃ£o combina com demoniocracia. meu voto foi e serÃ¡ novamente do bolsonaro 22. lula Ã© amigo e parceiro de presidentes comunistas. ,Bolsonaro,Neutro
2022-08-01 19:41:27+00:00,1554190593928138752,"@ArthurLira_ Mentiroso, hipÃ³crita, safado junto com quem vota nesse cara de pau e Bolsonaro . Pau mandado da corrupÃ§Ã£o"," mentiroso, hipÃ³crita, safado junto com quem vota nesse cara de pau e bolsonaro . pau mandado da corrupÃ§Ã£o",Bolsonaro,Neutro
2022-08-01 19:41:27+00:00,1554190592694960129,@hyuunho_O ele odeia o bolsonaro, ele odeia o bolsonaro,Bolsonaro,Neutro
2022-08-01 19:41:25+00:00,1554190586277765127,@DadoLomelino @Jota19641 Querem atrapalhar em tudo para prejudicar o povo e o Bolsonaro.,  querem atrapalhar em tudo para prejudicar o povo e o bolsonaro.,Bolsonaro,Neutro
2022-08-01 19:41:25+00:00,1554190585182953473,@todonoticias E agora na Argentina nÃ© â€¦ Bolsonaro o melhor Presidente da HistÃ³ria do Brasil!  ğŸ‡§ğŸ‡·ğŸ‡§ğŸ‡·ğŸ’šğŸ’›ğŸ’šğŸ’›ğŸ‡§ğŸ‡·ğŸ‡§ğŸ‡·#Bolsonaro22Ate2026 https://t.co/r8CzDw9eX7, e agora na argentina nÃ© â€¦ bolsonaro o melhor presidente da histÃ³ria do brasil!  ğŸ‡§ğŸ‡·ğŸ‡§ğŸ‡·ğŸ’šğŸ’›ğŸ’šğŸ’›ğŸ‡§ğŸ‡·ğŸ‡§ğŸ‡· ,Bolsonaro,Neutro
2022-08-01 19:41:24+00:00,1554190581454209025,"@rafabppinheiro Sinceramente, eu nÃ£o sei. Pois agora vai comeÃ§ar uma fase aguda onde vai imperar a troca de farpas entre Lula e Bolsonaro, o Ciro poderia se vender como o ""conciliador"" da histÃ³ria. E Ã© aquilo, nÃ©? O fracasso ele jÃ¡ tem!"," sinceramente, eu nÃ£o sei. pois agora vai comeÃ§ar uma fase aguda onde vai imperar a troca de farpas entre lula e bolsonaro, o ciro poderia se vender como o ""conciliador"" da histÃ³ria. e Ã© aquilo, nÃ©? o fracasso ele jÃ¡ tem!",Bolsonaro,Neutro
2022-08-01 19:41:23+00:00,1554190577767432193,"@7studies bom, vc disse que a comunidade tem mais pessoas do tipo ""meus pais votaram no bolsonaro, meu pastor disse que gays vÃ£o pro inferno e eu nÃ£o falo com pobres"". 

se conviver com pessoas assim nÃ£o te incomoda, Ã© meio incoerente da tua parte."," bom, vc disse que a comunidade tem mais pessoas do tipo ""meus pais votaram no bolsonaro, meu pastor disse que gays vÃ£o pro inferno e eu nÃ£o falo com pobres"". se conviver com pessoas assim nÃ£o te incomoda, Ã© meio incoerente da tua parte.",Bolsonaro,Negativo
2022-08-01 19:41:23+00:00,1554190574533722115,"Obrigado Bolsonaro, mil vezes obrigado. https://t.co/X4zoSMcVan","obrigado bolsonaro, mil vezes obrigado. ",Bolsonaro,Neutro
2022-08-01 19:41:22+00:00,1554190572365221888,@mfriasoficial Que coisa maluca! Esses loucos bolsonaristas transformam tudo em conta e a favor ao destrambelhado do Bolsonaro! Que loucura! Muito pior do que o Bolsonaro Ã© o bolsonarismo...ğŸ¤”ğŸ¤¦â€â™‚ï¸, que coisa maluca! esses loucos bolsonaristas transformam tudo em conta e a favor ao destrambelhado do bolsonaro! que loucura! muito pior do que o bolsonaro Ã© o bolsonarismo...ğŸ¤”ğŸ¤¦â€â™‚ï¸,Bolsonaro,Positivo
2022-08-01 19:41:22+00:00,1554190572302336000,"@ValdonedM @CarlaZambelli38 @jairbolsonaro BOLSONARO 22
DEUSğŸ™FAMÃLIAğŸ™PÃTRIA ğŸ™ğŸ‡§ğŸ‡· E LIBERDADEğŸ’šğŸ’›ğŸ’™ğŸ¤ğŸ™ŒğŸ™ŒğŸ™ğŸ™ğŸ‡§ğŸ‡·ğŸ‡§ğŸ‡·ğŸ‡§ğŸ‡·ğŸ‡§ğŸ‡·ğŸ‡§ğŸ‡·ğŸ‡§ğŸ‡·ğŸ‡§ğŸ‡·PARA O BEM DE UMA NAÃ‡ÃƒO E TODOS INCONDICIONALMENTE ğŸ‡§ğŸ‡·ğŸ‡§ğŸ‡·ğŸ‡§ğŸ‡·ğŸ‡§ğŸ‡·ğŸ‡§ğŸ‡·ğŸ‡§ğŸ‡·ğŸ‡§ğŸ‡·ğŸ‡§ğŸ‡·ğŸ‡§ğŸ‡·ğŸ‡§ğŸ‡·ğŸ’šğŸ’šğŸ’šğŸ’šğŸ’šğŸ’šğŸ’šğŸ’šğŸ’šğŸ’šğŸ’›ğŸ’›ğŸ’›ğŸ’›ğŸ’›ğŸ’›ğŸ’™ğŸ’™ğŸ’™ğŸ’™ğŸ’™ğŸ’™ğŸ¤ğŸ¤ğŸ¤ğŸ¤ğŸ¤ğŸ¤ğŸ™ğŸ™ğŸ™ğŸ™ğŸ™",   bolsonaro 22deusğŸ™famÃ­liağŸ™pÃ¡tria ğŸ™ğŸ‡§ğŸ‡· e liberdadeğŸ’šğŸ’›ğŸ’™ğŸ¤ğŸ™ŒğŸ™ŒğŸ™ğŸ™ğŸ‡§ğŸ‡·ğŸ‡§ğŸ‡·ğŸ‡§ğŸ‡·ğŸ‡§ğŸ‡·ğŸ‡§ğŸ‡·ğŸ‡§ğŸ‡·ğŸ‡§ğŸ‡·para o bem de uma naÃ§Ã£o e todos incondicionalmente ğŸ‡§ğŸ‡·ğŸ‡§ğŸ‡·ğŸ‡§ğŸ‡·ğŸ‡§ğŸ‡·ğŸ‡§ğŸ‡·ğŸ‡§ğŸ‡·ğŸ‡§ğŸ‡·ğŸ‡§ğŸ‡·ğŸ‡§ğŸ‡·ğŸ‡§ğŸ‡·ğŸ’šğŸ’šğŸ’šğŸ’šğŸ’šğŸ’šğŸ’šğŸ’šğŸ’šğŸ’šğŸ’›ğŸ’›ğŸ’›ğŸ’›ğŸ’›ğŸ’›ğŸ’™ğŸ’™ğŸ’™ğŸ’™ğŸ’™ğŸ’™ğŸ¤ğŸ¤ğŸ¤ğŸ¤ğŸ¤ğŸ¤ğŸ™ğŸ™ğŸ™ğŸ™ğŸ™,Bolsonaro,Neutro
2022-08-01 19:41:19+00:00,1554190559706849282,"@FabianoFrago @fabiofaria @jairbolsonaro AÃ­ nÃ£o estÃ¡ falando de combustÃ­veis, seu ignorante. E mais, os combustÃ­veis sÃ³ estÃ£o baixando por conta da interferÃªncia do governo nÃ£o tem nada haver com o mercado. O Bolsonaro disse que nÃ£o podia fazer nada pelo aumento dos preÃ§os, agora temos um milagre.","   aÃ­ nÃ£o estÃ¡ falando de combustÃ­veis, seu ignorante. e mais, os combustÃ­veis sÃ³ estÃ£o baixando por conta da interferÃªncia do governo nÃ£o tem nada haver com o mercado. o bolsonaro disse que nÃ£o podia fazer nada pelo aumento dos preÃ§os, agora temos um milagre.",Bolsonaro,Neutro
2022-08-01 19:41:18+00:00,1554190555097219075,"@EleiseDe @FlavioBolsonaro @jairbolsonaro Deixa de ser maria vai com as outras minina, olha a fonte disso ai, me poste a fala do Bolsonaro se vc tiver nÃ©.","   deixa de ser maria vai com as outras minina, olha a fonte disso ai, me poste a fala do bolsonaro se vc tiver nÃ©.",Bolsonaro,Neutro
2022-08-01 19:41:17+00:00,1554190549019754497,"Leia este comentÃ¡rio e assine o abaixo-assinado. Sou Bolsonaro, ele Ã© a esperanÃ§a de um Brasil melhor para meus filhos e neta, deus nos livre dessa ditadura da esquerda https://t.co/thv61tlCxb via @change_br","leia este comentÃ¡rio e assine o abaixo-assinado. sou bolsonaro, ele Ã© a esperanÃ§a de um brasil melhor para meus filhos e neta, deus nos livre dessa ditadura da esquerda  via ",Bolsonaro,Neutro
2022-08-01 19:41:15+00:00,1554190540803039233,@bbluedynasty @pebozzz @acostumadinha na tml dele aparece mto sobre o bolsonaro einnn,   na tml dele aparece mto sobre o bolsonaro einnn,Bolsonaro,Neutro
2022-08-01 19:41:14+00:00,1554190539918114819,@JoseMedeirosMT @jairbolsonaro Vamos boicotar essa loja.,  vamos boicotar essa loja.,Bolsonaro,Neutro
2022-08-01 19:41:14+00:00,1554190537158189057,"@gaelrizzi Deixa eu adivinhar. Bolsonaro 99% e Lula 0,2%?"," deixa eu adivinhar. bolsonaro 99% e lula 0,2%?",Bolsonaro,Neutro
2022-08-01 19:41:13+00:00,1554190532917731330,Governo Bolsonaro deixarÃ¡ prejuÃ­zo de R$ 281 bilhÃµes no caixa do Planalto LlulaNo1Â°Turno https://t.co/nhevZeNGeC,governo bolsonaro deixarÃ¡ prejuÃ­zo de r$ 281 bilhÃµes no caixa do planalto llulano1Â°turno ,Bolsonaro,Negativo
2022-08-01 19:41:12+00:00,1554190530271141890,"@Poder360 @jairbolsonaro Jair Salnorabo querendo ser vÃ­tima, assim mantem os seguidores de sua seita unidos e unificados","  jair salnorabo querendo ser vÃ­tima, assim mantem os seguidores de sua seita unidos e unificados",Bolsonaro,Neutro
2022-08-01 19:41:11+00:00,1554190525741383680,@JoseMedeirosMT @jairbolsonaro Renner nunca mais!!,  renner nunca mais!!,Bolsonaro,Neutro
2022-08-01 19:41:10+00:00,1554190521995870208,"Se vocÃª Ã© Bolsonarista e NÃƒO ACREDITA na lisura das urnas eletrÃ´nicas, e acha que as eleiÃ§Ãµes sÃ£o fraudadas, faÃ§a como o BOLSONARO NÃƒO TRABALHA e fique em casa, nÃ£o precisa ir votar em outubro ğŸ‘ğŸ» https://t.co/ADIna7MKTT","se vocÃª Ã© bolsonarista e nÃ£o acredita na lisura das urnas eletrÃ´nicas, e acha que as eleiÃ§Ãµes sÃ£o fraudadas, faÃ§a como o bolsonaro nÃ£o trabalha e fique em casa, nÃ£o precisa ir votar em outubro ğŸ‘ğŸ» ",Bolsonaro,Neutro
2022-08-01 19:41:09+00:00,1554190517965148161,@juliette Em Lula nem Bolsonaro por falta de opÃ§Ã£o voto nulo https://t.co/zalngjjnRt, em lula nem bolsonaro por falta de opÃ§Ã£o voto nulo ,Bolsonaro,Neutro
2022-08-01 19:41:07+00:00,1554190510641844224,"@ArthurWeint @EsterBAbrahao ğŸ“ŠDatafolha, desempenho de Lula e de Bolsonaro por regiÃ£o:

Sudeste:
ğŸ”´Lula 43% (=)
ğŸŸ¤Bolsonaro 28% (-1)
Nordeste: 
ğŸ”´Lula 59% (-1)
ğŸŸ¤Bolsonaro 24% (+5)
Norte/Centro-Oeste: 
ğŸ”´Lula 42% (=)
ğŸŸ¤Bolsonaro 37% (+1)
Sul: 
ğŸ”´Lula 41%  (=)
ğŸŸ¤Bolsonaro 34% (=) https://t.co/8KFYBRn4i8","  ğŸ“Šdatafolha, desempenho de lula e de bolsonaro por regiÃ£o:sudeste:ğŸ”´lula 43% (=)ğŸŸ¤bolsonaro 28% (-1)nordeste: ğŸ”´lula 59% (-1)ğŸŸ¤bolsonaro 24% (+5)norte/centro-oeste: ğŸ”´lula 42% (=)ğŸŸ¤bolsonaro 37% (+1)sul: ğŸ”´lula 41%  (=)ğŸŸ¤bolsonaro 34% (=) ",Bolsonaro,Neutro
2022-08-01 19:41:07+00:00,1554190509601861632,@JoseMedeirosMT @jairbolsonaro Acabou de perder uma consumidora Renner.,  acabou de perder uma consumidora renner.,Bolsonaro,Neutro
2022-08-01 19:41:07+00:00,1554190507210952706,"@Metropoles @jairbolsonaro SÃ³  pensa em morte,  dessa boca nÃ£o sai nada de positivo ou bom.
#ParabensMoro https://t.co/eiA7FPdYbQ","  sÃ³  pensa em morte,  dessa boca nÃ£o sai nada de positivo ou bom. ",Bolsonaro,Neutro
2022-08-01 19:41:06+00:00,1554190506883784704,@JSPendot @camposamd Mais uma pau mandado de Bolsonaro:,  mais uma pau mandado de bolsonaro:,Bolsonaro,Neutro
2022-08-01 19:41:06+00:00,1554190503427641344,"@Joaogabrielsr22 @BrunoTargino3 @Poder360 @jairbolsonaro Como nao houve? Qual era a proposta do bolsonaro pra pandemia alÃ©m de calar o ministÃ©rio da saude?  Foi contra isolamento, contra mascara, retardou a vacina.. qual era a proposta dele?","    como nao houve? qual era a proposta do bolsonaro pra pandemia alÃ©m de calar o ministÃ©rio da saude?  foi contra isolamento, contra mascara, retardou a vacina.. qual era a proposta dele?",Bolsonaro,Neutro
2022-08-01 19:41:04+00:00,1554190496750239746,"@pablo_giuliani @slpng_giants_pt O ameba, imbecil, tu entende tanto de leis e foros de justica quanto o assassino ladrÃ£o que ocupa a cadeira de presidente.
Pare de bostejar, informe-se primeiro.

Bolsonaro nÃ£o trabalha
Bolsonaro ladrÃ£o

Lula2022
Lula presidente
#LulaNo1ÂºTurno","  o ameba, imbecil, tu entende tanto de leis e foros de justica quanto o assassino ladrÃ£o que ocupa a cadeira de presidente.pare de bostejar, informe-se primeiro.bolsonaro nÃ£o trabalhabolsonaro ladrÃ£olula2022lula presidente#lulano1Âºturno",Bolsonaro,Neutro
2022-08-01 19:41:03+00:00,1554190491121598465,@sergioj1612 @Sandroprofmat @Valdecirdelecl1 @jairbolsonaro Mudando a argumentacao pois a pesquisa ja dizia  que bolsonaro perdia pra haddar mas enfim cansei,    mudando a argumentacao pois a pesquisa ja dizia  que bolsonaro perdia pra haddar mas enfim cansei,Bolsonaro,Neutro
2022-08-01 19:41:03+00:00,1554190490945323009,@Robert_jus @CousandierMara @Lojas_Renner @jairbolsonaro 2.,    2.,Bolsonaro,Neutro
